model,accuracy
Dense,0.4390999972820282
CNN,0.7299000024795532
